type,device,os,benchmark,size,threads,iteration,time_npb,mops,joules,time
,hikey970,android,bt,w,1,001,105.675,73.042,911.300707424,132.6846
,hikey970,android,is,b,2,001,11.774,28.499,83.678068716,11.2442
,hikey970,android,mg,b,2,001,31.737,627.699,271.229534946,38.9861
,hikey970,linux,bt,w,2,010,51.73,149.213,354.8471431505,51.7461
,hikey970,linux,bt,w,4,001,51.416,150.124,285.6785665255,40.7981
,hikey970,linux,is,b,4,001,5.273,63.634,47.5400419035,5.2724
,hikey970,linux,is,b,8,001,5.789,57.962,62.1444796935,7.9518
,hikey970,linux,mg,b,4,001,21.546,924.593,158.703355832,21.5559
,hikey970,linux,mg,b,8,001,19.73,1009.695,156.2492591375,21.4132
